characteristic,group_label,status,percentage,estimated_households_thousands,margin_of_error_95_pp,count_rse_percent,year,source_row
Greater Capital City Statistical Area,Capital city,food_secure,86.9,5808.4,1.1,0.7,2023,9
Greater Capital City Statistical Area,Capital city,marginal,4.6,306,0.8,8.7,2023,9
Greater Capital City Statistical Area,Capital city,moderate,4.7,314.8,0.7,7.8,2023,9
Greater Capital City Statistical Area,Capital city,severe,3.3,217.3,0.7,10.5,2023,9
Greater Capital City Statistical Area,Capital city,moderate_or_severe,8.1,539.1,1,6.4,2023,9
Greater Capital City Statistical Area,Capital city,total_food_insecure,12.6,842.8,1.2,4.9,2023,9
Greater Capital City Statistical Area,Capital city,total_households,100,6680.8,0,0.4,2023,9
Greater Capital City Statistical Area,Balance of state or territory(f),food_secure,84.8,2907.9,1.7,1.1,2023,10
Greater Capital City Statistical Area,Balance of state or territory(f),marginal,4.9,167.2,1.2,12.5,2023,10
Greater Capital City Statistical Area,Balance of state or territory(f),moderate,5.8,197.5,1,9.1,2023,10
Greater Capital City Statistical Area,Balance of state or territory(f),severe,3.7,125.6,0.8,11.6,2023,10
Greater Capital City Statistical Area,Balance of state or territory(f),moderate_or_severe,9.2,316.2,1.3,7.3,2023,10
Greater Capital City Statistical Area,Balance of state or territory(f),total_food_insecure,14.1,484.5,1.7,6.2,2023,10
Greater Capital City Statistical Area,Balance of state or territory(f),total_households,100,3428.4,0,0.5,2023,10
Index of Relative Socio-Economic Disadvantage(g),Lowest quintile,food_secure,79.2,1526.6,1.3,6.2,2023,12
Index of Relative Socio-Economic Disadvantage(g),Lowest quintile,marginal,5.8,111.2,1.6,15.4,2023,12
Index of Relative Socio-Economic Disadvantage(g),Lowest quintile,moderate,6.8,131.5,1.4,12.3,2023,12
Index of Relative Socio-Economic Disadvantage(g),Lowest quintile,severe,7.8,151.3,1.8,13.1,2023,12
Index of Relative Socio-Economic Disadvantage(g),Lowest quintile,moderate_or_severe,14.6,281.7,2.5,10.6,2023,12
Index of Relative Socio-Economic Disadvantage(g),Lowest quintile,total_food_insecure,20.6,397.4,2.9,9.5,2023,12
Index of Relative Socio-Economic Disadvantage(g),Lowest quintile,total_households,100,1928.3,0,6.2,2023,12
Index of Relative Socio-Economic Disadvantage(g),2nd quintile,food_secure,83.5,1773.7,5.2,6,2023,13
Index of Relative Socio-Economic Disadvantage(g),2nd quintile,marginal,5.4,115.3,1.4,14.3,2023,13
Index of Relative Socio-Economic Disadvantage(g),2nd quintile,moderate,6.9,147,1.5,12.8,2023,13
Index of Relative Socio-Economic Disadvantage(g),2nd quintile,severe,2.9,62.3,1.2,22.2,2023,13
Index of Relative Socio-Economic Disadvantage(g),2nd quintile,moderate_or_severe,10.2,216.9,2.2,12.5,2023,13
Index of Relative Socio-Economic Disadvantage(g),2nd quintile,total_food_insecure,15.3,325.9,2.8,11.1,2023,13
Index of Relative Socio-Economic Disadvantage(g),2nd quintile,total_households,100,2124,0,6.2,2023,13
Index of Relative Socio-Economic Disadvantage(g),3rd quintile,food_secure,87.8,1832.3,3.2,6.1,2023,14
Index of Relative Socio-Economic Disadvantage(g),3rd quintile,marginal,5.3,110.9,1.6,16.4,2023,14
Index of Relative Socio-Economic Disadvantage(g),3rd quintile,moderate,4.3,90.6,1.2,15,2023,14
Index of Relative Socio-Economic Disadvantage(g),3rd quintile,severe,2.6,55.2,0.9,18.7,2023,14
Index of Relative Socio-Economic Disadvantage(g),3rd quintile,moderate_or_severe,6.9,144.5,1.6,13.3,2023,14
Index of Relative Socio-Economic Disadvantage(g),3rd quintile,total_food_insecure,11.8,246.1,2.6,12.5,2023,14
Index of Relative Socio-Economic Disadvantage(g),3rd quintile,total_households,100,2087.8,0,5.9,2023,14
Index of Relative Socio-Economic Disadvantage(g),4th quintile,food_secure,88,1891.8,6.2,7.3,2023,15
Index of Relative Socio-Economic Disadvantage(g),4th quintile,marginal,4,86.9,1.2,16.4,2023,15
Index of Relative Socio-Economic Disadvantage(g),4th quintile,moderate,4.4,95.5,1,13.3,2023,15
Index of Relative Socio-Economic Disadvantage(g),4th quintile,severe,2.4,50.9,0.8,19.2,2023,15
Index of Relative Socio-Economic Disadvantage(g),4th quintile,moderate_or_severe,6.6,142,1.3,12.2,2023,15
Index of Relative Socio-Economic Disadvantage(g),4th quintile,total_food_insecure,10.7,229,1.6,10.4,2023,15
Index of Relative Socio-Economic Disadvantage(g),4th quintile,total_households,100,2148.9,0,7.3,2023,15
Index of Relative Socio-Economic Disadvantage(g),Highest quintile,food_secure,92.4,1688.8,3.8,5.5,2023,16
Index of Relative Socio-Economic Disadvantage(g),Highest quintile,marginal,2.8,50.7,1,19.5,2023,16
Index of Relative Socio-Economic Disadvantage(g),Highest quintile,moderate,2.9,52.4,1.1,19.6,2023,16
Index of Relative Socio-Economic Disadvantage(g),Highest quintile,severe,1.5,26.9,0.9,30.9,2023,16
Index of Relative Socio-Economic Disadvantage(g),Highest quintile,moderate_or_severe,4.2,77.3,1.4,17.2,2023,16
Index of Relative Socio-Economic Disadvantage(g),Highest quintile,total_food_insecure,6.8,124.3,1.8,14.3,2023,16
Index of Relative Socio-Economic Disadvantage(g),Highest quintile,total_households,100,1826.9,0,5.5,2023,16
Equivalised gross weekly household income quintiles(h),Lowest quintile,food_secure,75.6,1397.4,1.9,2.9,2023,18
Equivalised gross weekly household income quintiles(h),Lowest quintile,marginal,6.6,121.8,1.5,11.6,2023,18
Equivalised gross weekly household income quintiles(h),Lowest quintile,moderate,8.1,149,1.4,9.4,2023,18
Equivalised gross weekly household income quintiles(h),Lowest quintile,severe,8.9,164.4,2,11.7,2023,18
Equivalised gross weekly household income quintiles(h),Lowest quintile,moderate_or_severe,17,313.7,2.3,7.3,2023,18
Equivalised gross weekly household income quintiles(h),Lowest quintile,total_food_insecure,23.2,429.6,2.4,5.9,2023,18
Equivalised gross weekly household income quintiles(h),Lowest quintile,total_households,100,1847.9,0,2.6,2023,18
Equivalised gross weekly household income quintiles(h),2nd quintile,food_secure,84,1447.3,2.2,2.9,2023,19
Equivalised gross weekly household income quintiles(h),2nd quintile,marginal,5.2,89.1,1.6,15.9,2023,19
Equivalised gross weekly household income quintiles(h),2nd quintile,moderate,5.7,97.8,1.6,14.3,2023,19
Equivalised gross weekly household income quintiles(h),2nd quintile,severe,4.5,77.4,1.4,16.4,2023,19
Equivalised gross weekly household income quintiles(h),2nd quintile,moderate_or_severe,10.1,174.4,2.1,11,2023,19
Equivalised gross weekly household income quintiles(h),2nd quintile,total_food_insecure,15.3,263.9,2.7,9.4,2023,19
Equivalised gross weekly household income quintiles(h),2nd quintile,total_households,100,1722.3,0,2.6,2023,19
Equivalised gross weekly household income quintiles(h),3rd quintile,food_secure,85.5,1542.5,2.5,3.2,2023,20
Equivalised gross weekly household income quintiles(h),3rd quintile,marginal,5.6,100.8,1.6,15,2023,20
Equivalised gross weekly household income quintiles(h),3rd quintile,moderate,6.1,109.3,1.4,11.9,2023,20
Equivalised gross weekly household income quintiles(h),3rd quintile,severe,2.7,48.6,1.2,22,2023,20
Equivalised gross weekly household income quintiles(h),3rd quintile,moderate_or_severe,8.8,159.7,1.7,10.5,2023,20
Equivalised gross weekly household income quintiles(h),3rd quintile,total_food_insecure,14.3,257.4,2.4,9,2023,20
Equivalised gross weekly household income quintiles(h),3rd quintile,total_households,100,1805.1,0,2.8,2023,20
Equivalised gross weekly household income quintiles(h),4th quintile,food_secure,89.4,1600.9,1.5,3.4,2023,21
Equivalised gross weekly household income quintiles(h),4th quintile,marginal,3.6,64.2,1,14.8,2023,21
Equivalised gross weekly household income quintiles(h),4th quintile,moderate,4.5,79.8,1.4,16.3,2023,21
Equivalised gross weekly household income quintiles(h),4th quintile,severe,1.3,24.2,0.8,28.7,2023,21
Equivalised gross weekly household income quintiles(h),4th quintile,moderate_or_severe,6,107.7,1.4,12.6,2023,21
Equivalised gross weekly household income quintiles(h),4th quintile,total_food_insecure,9.7,173.1,1.6,9,2023,21
Equivalised gross weekly household income quintiles(h),4th quintile,total_households,100,1791.4,0,3.3,2023,21
Equivalised gross weekly household income quintiles(h),Highest quintile,food_secure,96.3,1719.2,1.7,3.2,2023,22
Equivalised gross weekly household income quintiles(h),Highest quintile,marginal,2.4,43.5,1,21.4,2023,22
Equivalised gross weekly household income quintiles(h),Highest quintile,moderate,1.2,20.8,0.8,37.1,2023,22
Equivalised gross weekly household income quintiles(h),Highest quintile,severe,0.4,7.6,0.3,36.1,2023,22
Equivalised gross weekly household income quintiles(h),Highest quintile,moderate_or_severe,1.3,22.9,0.9,34.1,2023,22
Equivalised gross weekly household income quintiles(h),Highest quintile,total_food_insecure,3.6,64,1.3,18.2,2023,22
Equivalised gross weekly household income quintiles(h),Highest quintile,total_households,100,1785.5,0,3,2023,22
Household structure,Family households with dependent children present,food_secure,82.9,2456.1,2.6,1.9,2023,24
Household structure,Family households with dependent children present,marginal,5.9,175.5,1.3,10.9,2023,24
Household structure,Family households with dependent children present,moderate,6.5,192.3,1,8.2,2023,24
Household structure,Family households with dependent children present,severe,3.5,103.7,0.9,13.7,2023,24
Household structure,Family households with dependent children present,moderate_or_severe,9.9,292.8,1.5,7.7,2023,24
Household structure,Family households with dependent children present,total_food_insecure,16,473.8,1.9,6.3,2023,24
Household structure,Family households with dependent children present,total_households,100,2962.4,0,1.1,2023,24
Household structure,"Family households with dependent children present, parent couple",food_secure,87.2,2079.3,2.5,2.1,2023,25
Household structure,"Family households with dependent children present, parent couple",marginal,5.4,128.2,1.4,13.2,2023,25
Household structure,"Family households with dependent children present, parent couple",moderate,4.5,107.6,1,11.4,2023,25
Household structure,"Family households with dependent children present, parent couple",severe,1.7,41.4,0.7,20.9,2023,25
Household structure,"Family households with dependent children present, parent couple",moderate_or_severe,6.3,149,1.3,11,2023,25
Household structure,"Family households with dependent children present, parent couple",total_food_insecure,11.3,269.7,1.9,8.9,2023,25
Household structure,"Family households with dependent children present, parent couple",total_households,100,2383.7,0,1.4,2023,25
Household structure,"Family households with dependent children present, lone parent",food_secure,64.9,382,4.7,5.9,2023,26
Household structure,"Family households with dependent children present, lone parent",marginal,9.4,55.3,4.1,22.5,2023,26
Household structure,"Family households with dependent children present, lone parent",moderate,14.4,84.7,3.8,14.2,2023,26
Household structure,"Family households with dependent children present, lone parent",severe,11,64.8,3.9,18.4,2023,26
Household structure,"Family households with dependent children present, lone parent",moderate_or_severe,25.9,152.7,4.9,10.7,2023,26
Household structure,"Family households with dependent children present, lone parent",total_food_insecure,34,200.2,6.5,10.8,2023,26
Household structure,"Family households with dependent children present, lone parent",total_households,100,588.7,0,4.6,2023,26
Household structure,Family households with no dependent children present,food_secure,91.3,3744.2,1.2,1.2,2023,27
Household structure,Family households with no dependent children present,marginal,3.7,153.6,0.9,11.6,2023,27
Household structure,Family households with no dependent children present,moderate,3,122.7,0.6,10.8,2023,27
Household structure,Family households with no dependent children present,severe,1.5,60,0.7,26.1,2023,27
Household structure,Family households with no dependent children present,moderate_or_severe,4.5,182.7,1,11.1,2023,27
Household structure,Family households with no dependent children present,total_food_insecure,8.4,343.2,1.4,8.7,2023,27
Household structure,Family households with no dependent children present,total_households,100,4101.3,0,1,2023,27
Household structure,Lone person households,food_secure,83.4,2337.7,1.4,0.9,2023,28
Household structure,Lone person households,marginal,4.5,125,1,10.9,2023,28
Household structure,Lone person households,moderate,6.1,169.8,1,8.2,2023,28
Household structure,Lone person households,severe,5.3,147.7,1.1,10.5,2023,28
Household structure,Lone person households,moderate_or_severe,11.4,320.5,1.3,5.9,2023,28
Household structure,Lone person households,total_food_insecure,15.8,442.5,1.5,4.9,2023,28
Household structure,Lone person households,total_households,100,2803.1,0,0.1,2023,28
Household structure,Group households(i),food_secure,69,169.4,5.4,9.8,2023,29
Household structure,Group households(i),marginal,4.4,10.9,3.7,43.7,2023,29
Household structure,Group households(i),moderate,11.2,27.6,6.3,30,2023,29
Household structure,Group households(i),severe,14.1,34.7,5.9,23.3,2023,29
Household structure,Group households(i),moderate_or_severe,24.7,60.6,9,20.7,2023,29
Household structure,Group households(i),total_food_insecure,27.8,68.2,9.7,20,2023,29
Household structure,Group households(i),total_households,100,245.7,0,9,2023,29
Households with children ,Household with children aged 0–17,food_secure,81.6,2140.8,2.1,1.4,2023,31
Households with children ,Household with children aged 0–17,marginal,6.1,160.8,1.3,10.6,2023,31
Households with children ,Household with children aged 0–17,moderate,7.1,185.2,1.1,8,2023,31
Households with children ,Household with children aged 0–17,severe,3.6,94.7,1,14.2,2023,31
Households with children ,Household with children aged 0–17,moderate_or_severe,10.7,280.9,1.6,7.5,2023,31
Households with children ,Household with children aged 0–17,total_food_insecure,16.8,439.6,2,6,2023,31
Households with children ,Household with children aged 0–17,total_households,100,2622.2,0,0.5,2023,31
Households with children ,Households with children aged 0–4,food_secure,80.2,737.6,3.1,3.9,2023,32
Households with children ,Households with children aged 0–4,marginal,7.1,65.5,2.1,15.2,2023,32
Households with children ,Households with children aged 0–4,moderate,7.8,71.5,2.7,17.8,2023,32
Households with children ,Households with children aged 0–4,severe,4.5,41.3,1.8,20.7,2023,32
Households with children ,Households with children aged 0–4,moderate_or_severe,12.3,113.4,3.2,13.5,2023,32
Households with children ,Households with children aged 0–4,total_food_insecure,19.4,178.9,3.5,9.7,2023,32
Households with children ,Households with children aged 0–4,total_households,100,919.6,0,3.4,2023,32
Households with children ,Households with children aged 5–17,food_secure,81,1698,2.4,1.9,2023,33
Households with children ,Households with children aged 5–17,marginal,6,125.9,1.3,11.4,2023,33
Households with children ,Households with children aged 5–17,moderate,7.7,161.2,1.3,8.9,2023,33
Households with children ,Households with children aged 5–17,severe,3.8,78.8,1.1,14.6,2023,33
Households with children ,Households with children aged 5–17,moderate_or_severe,11.5,241,1.8,7.9,2023,33
Households with children ,Households with children aged 5–17,total_food_insecure,17.6,369,2.1,6.2,2023,33
Households with children ,Households with children aged 5–17,total_households,100,2097.2,0,1.2,2023,33
Households with children ,Household without children aged 0–17,food_secure,87.7,6564.1,1.1,0.7,2023,34
Households with children ,Household without children aged 0–17,marginal,4.2,315.4,0.6,7.4,2023,34
Households with children ,Household without children aged 0–17,moderate,4.3,323.9,0.6,7.4,2023,34
Households with children ,Household without children aged 0–17,severe,3.3,247.2,0.6,9.3,2023,34
Households with children ,Household without children aged 0–17,moderate_or_severe,7.7,577.2,0.8,5.6,2023,34
Households with children ,Household without children aged 0–17,total_food_insecure,11.9,891.5,1,4.4,2023,34
Households with children ,Household without children aged 0–17,total_households,100,7488.9,0,0.3,2023,34
Households with children ,Total households,food_secure,86.1,8709.3,1.1,0.7,2023,35
Households with children ,Total households,marginal,4.7,470.8,0.6,7,2023,35
Households with children ,Total households,moderate,5.1,512.2,0.5,5.2,2023,35
Households with children ,Total households,severe,3.4,346.7,0.5,7.9,2023,35
Households with children ,Total households,moderate_or_severe,8.5,857.7,0.8,4.9,2023,35
Households with children ,Total households,total_food_insecure,13.2,1330.8,1,4,2023,35
Households with children ,Total households,total_households,100,10111.5,0,0.3,2023,35
